id_partida,fecha,tipo_juego,cantidad_jugadores,duracion_partida
1,01/18/2019,0,2,55
2,06/09/2019,0,2,25
3,03/14/2019,0,3,35
4,01/10/2019,0,2,25
5,03/25/2019,3,3,10
6,02/24/2019,2,3,50
7,07/21/2019,0,4,35
8,02/03/2019,0,2,60
9,04/20/2019,3,2,55
10,07/15/2019,1,2,55
11,05/08/2019,3,3,40
12,04/15/2019,3,3,45
13,02/17/2019,3,3,55
14,03/09/2019,3,3,50
15,02/11/2019,3,4,15
16,01/15/2019,2,3,15
17,02/16/2019,1,2,20
18,07/03/2019,1,4,35
19,07/24/2019,1,3,120
20,06/13/2019,1,3,5
21,05/09/2019,3,3,30
22,03/12/2019,1,4,5
23,01/01/2019,3,2,55
24,04/25/2019,2,4,50
25,01/05/2019,1,3,20
26,03/03/2019,2,2,15
27,04/06/2019,3,3,60
28,03/11/2019,2,3,50
29,04/13/2019,0,4,30
30,04/21/2019,3,2,120
31,04/21/2019,3,2,40
32,03/15/2019,1,2,25
33,03/29/2019,3,3,15
34,04/30/2019,3,2,55
35,05/20/2019,0,4,25
36,01/03/2019,0,4,25
37,04/04/2019,3,4,15
38,01/28/2019,1,4,120
39,04/01/2019,3,4,90
40,05/24/2019,3,4,35
41,07/17/2019,1,2,30
42,05/02/2019,2,3,5
43,04/05/2019,1,4,5
44,04/30/2019,3,4,120
45,05/07/2019,2,4,30
46,02/24/2019,0,4,5
47,07/01/2019,3,3,30
48,06/02/2019,3,3,10
49,03/02/2019,2,4,50
50,07/11/2019,0,3,5
51,06/07/2019,1,4,90
52,01/30/2019,2,4,45
53,07/13/2019,2,3,20
54,04/18/2019,0,2,45
55,06/02/2019,3,2,30
56,03/19/2019,3,2,55
57,06/08/2019,3,2,5
58,01/19/2019,2,2,30
59,02/11/2019,0,4,20
60,06/30/2019,2,3,25
61,03/16/2019,2,2,35
62,02/05/2019,1,3,50
63,06/11/2019,0,2,55
64,06/20/2019,3,3,20
65,06/16/2019,2,3,15
66,06/07/2019,1,3,90
67,01/30/2019,1,4,20
68,02/18/2019,0,3,30
69,04/06/2019,3,4,20
70,01/13/2019,2,3,5
71,05/20/2019,1,4,45
72,01/21/2019,0,4,45
73,02/11/2019,0,4,55
74,02/26/2019,2,2,30
75,06/09/2019,0,4,90
76,04/01/2019,1,4,35
77,07/02/2019,3,3,35
78,01/17/2019,0,4,40
79,01/29/2019,2,2,30
80,06/22/2019,0,2,50
81,07/15/2019,0,2,30
82,05/23/2019,0,2,25
83,05/24/2019,2,2,55
84,05/13/2019,1,4,35
85,06/24/2019,0,4,60
86,05/16/2019,0,2,40
87,02/08/2019,2,3,60
88,01/26/2019,2,2,50
89,06/27/2019,3,3,120
90,03/20/2019,2,4,90
91,03/27/2019,2,3,50
92,02/13/2019,1,2,40
93,05/28/2019,2,4,5
94,05/24/2019,1,4,5
95,03/09/2019,2,3,10
96,02/02/2019,0,2,60
97,05/25/2019,2,2,10
98,06/13/2019,2,2,25
99,07/11/2019,3,2,90
100,03/22/2019,1,4,120
101,01/03/2019,0,4,120
102,01/30/2019,1,3,35
103,01/28/2019,0,2,10
104,05/05/2019,0,2,35
105,02/06/2019,3,3,5
106,05/18/2019,3,2,10
107,01/04/2019,0,4,10
108,06/07/2019,0,4,35
109,04/26/2019,0,3,35
110,02/05/2019,3,4,40
111,07/19/2019,1,4,120
112,07/08/2019,2,3,120
113,07/12/2019,1,2,60
114,06/24/2019,3,4,25
115,02/10/2019,2,4,120
116,05/17/2019,1,2,15
117,02/19/2019,2,4,35
118,03/15/2019,3,3,10
119,05/29/2019,1,3,50
120,01/01/2019,3,2,40
121,06/29/2019,2,2,45
122,04/03/2019,3,3,10
123,03/26/2019,0,3,60
124,03/14/2019,0,2,5
125,07/07/2019,1,3,90
126,02/08/2019,1,4,45
127,02/13/2019,3,3,40
128,01/02/2019,2,3,25
129,02/14/2019,3,2,120
130,03/08/2019,1,4,35
131,04/27/2019,0,3,25
132,06/17/2019,0,4,50
133,01/26/2019,3,4,120
134,07/12/2019,3,2,55
135,07/27/2019,0,3,50
136,03/03/2019,3,4,15
137,06/26/2019,0,3,50
138,01/14/2019,3,3,15
139,06/03/2019,1,3,40
140,02/06/2019,0,4,25
141,04/06/2019,0,3,40
142,02/10/2019,0,3,90
143,06/27/2019,3,2,55
144,07/10/2019,1,4,50
145,07/04/2019,1,3,40
146,05/21/2019,1,2,5
147,06/04/2019,2,3,35
148,01/14/2019,0,3,45
149,05/29/2019,2,4,90
150,07/05/2019,3,2,90
151,07/11/2019,2,4,5
152,01/04/2019,3,2,55
153,03/05/2019,2,4,40
154,04/06/2019,0,4,40
155,03/02/2019,2,4,50
156,02/08/2019,2,2,10
157,05/28/2019,0,4,25
158,06/13/2019,2,2,55
159,06/26/2019,0,2,30
160,06/10/2019,3,2,5
161,04/20/2019,0,2,55
162,05/26/2019,0,4,55
163,05/19/2019,1,2,30
164,07/05/2019,3,3,10
165,01/18/2019,0,4,35
166,03/17/2019,0,4,5
167,04/29/2019,1,3,60
168,06/02/2019,1,2,10
169,03/19/2019,3,2,50
170,05/03/2019,3,3,10
171,04/17/2019,3,4,35
172,05/27/2019,0,2,50
173,05/11/2019,2,4,35
174,03/31/2019,1,4,30
175,06/20/2019,1,3,50
176,05/01/2019,3,2,15
177,01/17/2019,2,4,40
178,03/13/2019,0,2,15
179,01/03/2019,2,4,35
180,07/25/2019,2,2,40
181,05/30/2019,3,4,30
182,05/22/2019,3,2,5
183,05/16/2019,1,2,10
184,03/20/2019,0,3,60
185,04/20/2019,3,2,35
186,05/09/2019,0,4,50
187,03/27/2019,3,4,30
188,07/09/2019,0,2,120
189,03/13/2019,2,4,20
190,03/22/2019,3,2,120
191,01/15/2019,3,4,45
192,05/06/2019,0,4,20
193,06/26/2019,1,3,60
194,04/17/2019,1,2,120
195,07/21/2019,0,2,40
196,01/15/2019,1,2,25
197,06/25/2019,1,2,60
198,01/19/2019,1,2,120
199,03/28/2019,3,4,35
200,02/24/2019,3,4,40
201,04/12/2019,3,2,50
202,06/04/2019,0,2,55
203,05/31/2019,2,2,15
204,03/29/2019,2,4,35
205,02/07/2019,2,3,15
206,03/15/2019,2,4,30
207,06/16/2019,0,4,45
208,04/27/2019,3,4,45
209,05/20/2019,0,2,45
210,07/23/2019,3,3,25
211,07/28/2019,0,4,50
212,04/21/2019,2,3,90
213,04/24/2019,2,4,55
214,07/30/2019,0,3,35
215,06/21/2019,3,4,25
216,02/04/2019,1,3,55
217,06/02/2019,0,3,55
218,04/15/2019,0,3,10
219,01/19/2019,2,4,25
220,05/28/2019,3,3,60
221,01/23/2019,3,2,120
222,05/28/2019,2,4,15
223,03/16/2019,1,4,120
224,06/29/2019,0,2,60
225,02/28/2019,0,3,90
226,07/18/2019,3,3,35
227,04/04/2019,1,2,50
228,01/12/2019,1,2,20
229,02/10/2019,0,2,30
230,04/11/2019,1,4,45
231,05/22/2019,3,3,25
232,06/25/2019,1,2,30
233,02/13/2019,2,2,25
234,04/13/2019,1,2,55
235,02/11/2019,0,4,20
236,06/18/2019,0,2,5
237,05/18/2019,3,3,35
238,02/22/2019,0,4,120
239,07/18/2019,2,3,45
240,04/26/2019,0,4,45
241,04/07/2019,3,2,25
242,05/05/2019,2,3,55
243,07/02/2019,3,3,55
244,05/15/2019,2,2,120
245,07/08/2019,1,3,30
246,04/12/2019,2,3,30
247,03/02/2019,2,3,45
248,05/28/2019,1,2,40
249,07/08/2019,0,4,50
250,01/30/2019,3,4,60
251,04/05/2019,0,3,35
252,03/23/2019,2,3,50
253,06/04/2019,2,3,45
254,06/22/2019,0,4,20
255,04/24/2019,1,3,120
256,05/03/2019,1,2,35
257,07/14/2019,0,4,5
258,03/09/2019,3,4,10
259,01/17/2019,3,2,45
260,04/06/2019,3,4,55
261,05/23/2019,3,2,10
262,05/30/2019,1,3,90
263,03/19/2019,1,4,120
264,04/08/2019,0,2,60
265,05/07/2019,0,4,10
266,02/17/2019,1,3,40
267,04/17/2019,2,2,45
268,01/08/2019,0,3,15
269,06/17/2019,3,2,45
270,04/06/2019,3,4,30
271,01/30/2019,1,3,25
272,07/21/2019,0,2,40
273,04/16/2019,1,4,120
274,05/09/2019,3,4,5
275,05/05/2019,3,4,60
276,07/05/2019,2,2,60
277,04/21/2019,2,2,120
278,06/10/2019,1,3,45
279,05/11/2019,3,2,45
280,02/24/2019,0,4,40
281,06/17/2019,3,4,30
282,01/25/2019,2,2,50
283,01/31/2019,0,3,50
284,06/28/2019,3,3,35
285,05/23/2019,2,2,45
286,06/15/2019,3,2,120
287,06/12/2019,1,4,15
288,05/04/2019,3,2,30
289,03/08/2019,0,3,35
290,01/09/2019,1,4,90
291,01/14/2019,0,2,55
292,06/09/2019,1,2,45
293,02/01/2019,3,4,55
294,01/08/2019,3,3,90
295,07/09/2019,0,2,35
296,01/12/2019,2,2,10
297,06/13/2019,3,3,40
298,04/25/2019,3,2,10
299,04/02/2019,1,2,30
300,06/10/2019,1,3,50
301,01/04/2019,1,3,40
302,06/14/2019,0,3,40
303,02/22/2019,0,4,5
304,06/22/2019,3,3,120
305,01/21/2019,1,2,40
306,04/02/2019,0,4,55
307,07/29/2019,2,4,20
308,04/23/2019,0,3,45
309,02/26/2019,1,4,60
310,01/27/2019,1,4,25
311,01/21/2019,0,3,120
312,04/24/2019,2,3,40
313,07/28/2019,3,3,15
314,03/04/2019,2,2,55
315,02/02/2019,1,3,45
316,02/25/2019,1,3,20
317,03/14/2019,2,3,120
318,02/12/2019,2,3,45
319,03/05/2019,3,4,60
320,04/09/2019,0,3,120
321,07/14/2019,0,4,50
322,04/06/2019,3,2,10
323,06/01/2019,3,4,35
324,06/11/2019,2,4,35
325,07/16/2019,2,2,30
326,01/28/2019,2,4,20
327,04/17/2019,0,4,35
328,01/08/2019,0,4,5
329,02/20/2019,2,4,60
330,05/21/2019,3,4,90
331,03/18/2019,1,2,90
332,07/14/2019,2,2,60
333,06/05/2019,0,3,10
334,07/11/2019,3,4,90
335,02/18/2019,1,2,5
336,01/06/2019,2,4,55
337,07/18/2019,1,2,15
338,07/21/2019,0,3,45
339,03/04/2019,0,3,45
340,04/30/2019,0,2,30
341,05/07/2019,1,3,90
342,07/02/2019,2,2,90
343,01/27/2019,0,3,20
344,04/26/2019,2,3,90
345,06/28/2019,1,2,25
346,05/07/2019,1,2,15
347,01/27/2019,0,2,90
348,06/08/2019,2,3,45
349,04/23/2019,0,4,90
350,05/27/2019,0,3,40
351,05/25/2019,1,2,5
352,05/17/2019,0,4,20
353,05/04/2019,0,3,35
354,06/19/2019,3,4,40
355,01/21/2019,3,4,55
356,01/02/2019,3,3,60
357,04/18/2019,1,3,45
358,02/03/2019,0,2,120
359,01/05/2019,2,2,120
360,05/30/2019,1,4,55
361,03/14/2019,0,3,50
362,07/15/2019,0,4,40
363,02/14/2019,3,3,15
364,04/14/2019,3,3,55
365,07/14/2019,3,4,30
366,05/11/2019,1,3,30
367,07/01/2019,2,4,90
368,01/14/2019,0,3,90
369,02/19/2019,2,2,35
370,05/23/2019,0,4,55
371,04/06/2019,3,4,90
372,03/10/2019,3,3,45
373,03/24/2019,1,3,55
374,01/22/2019,1,4,25
375,07/06/2019,0,2,25
376,03/16/2019,2,2,5
377,02/13/2019,3,2,35
378,03/28/2019,0,4,20
379,06/03/2019,2,2,60
380,05/14/2019,2,2,30
381,05/30/2019,2,3,35
382,04/17/2019,2,3,90
383,06/11/2019,0,4,45
384,05/11/2019,3,4,120
385,04/14/2019,1,4,25
386,05/16/2019,3,2,5
387,02/08/2019,2,2,40
388,06/15/2019,0,4,50
389,03/24/2019,2,4,50
390,04/30/2019,2,2,55
391,05/11/2019,3,2,35
392,02/04/2019,2,2,15
393,04/17/2019,3,2,45
394,02/24/2019,1,3,50
395,07/04/2019,1,4,20
396,06/29/2019,2,2,50
397,06/24/2019,1,4,35
398,05/17/2019,0,4,90
399,07/20/2019,1,4,50
400,02/13/2019,3,4,50
401,03/31/2019,3,4,20
402,07/12/2019,3,3,120
403,05/21/2019,3,4,45
404,04/07/2019,2,3,15
405,04/22/2019,3,4,5
406,05/15/2019,2,2,30
407,03/23/2019,0,4,15
408,06/16/2019,1,2,60
409,06/23/2019,0,3,15
410,06/05/2019,1,4,90
411,01/17/2019,1,4,20
412,03/07/2019,0,4,10
413,03/16/2019,1,3,90
414,05/17/2019,1,4,60
415,04/27/2019,0,3,55
416,06/16/2019,3,3,55
417,06/13/2019,0,2,60
418,01/26/2019,1,3,15
419,02/03/2019,1,3,30
420,05/04/2019,3,3,45
421,06/10/2019,2,4,15
422,03/05/2019,1,4,15
423,05/04/2019,3,4,5
424,07/29/2019,0,2,5
425,04/25/2019,3,2,90
426,04/16/2019,1,4,50
427,07/03/2019,2,4,35
428,05/21/2019,0,3,30
429,01/07/2019,3,4,25
430,06/19/2019,1,2,15
431,06/18/2019,2,4,10
432,04/21/2019,0,4,30
433,01/07/2019,0,4,5
434,03/15/2019,2,3,25
435,07/23/2019,3,4,35
436,04/13/2019,0,2,55
437,07/05/2019,3,3,35
438,04/17/2019,0,3,40
439,04/24/2019,3,2,5
440,06/25/2019,1,3,20
441,06/25/2019,3,4,120
442,04/21/2019,0,4,5
443,02/08/2019,3,3,60
444,07/05/2019,0,2,15
445,04/02/2019,2,4,50
446,04/02/2019,1,3,50
447,03/15/2019,2,2,40
448,06/06/2019,1,3,90
449,06/18/2019,2,2,50
450,07/18/2019,3,3,10
451,05/02/2019,1,2,90
452,04/29/2019,3,2,15
453,01/30/2019,1,2,40
454,01/06/2019,1,4,30
455,02/04/2019,3,3,60
456,04/08/2019,0,3,35
457,06/29/2019,2,3,10
458,01/30/2019,3,2,90
459,02/15/2019,0,4,5
460,07/01/2019,1,4,120
461,07/20/2019,0,2,120
462,05/03/2019,0,4,30
463,04/05/2019,2,4,60
464,02/24/2019,1,4,90
465,01/10/2019,0,4,50
466,01/01/2019,2,2,40
467,05/23/2019,3,3,120
468,03/12/2019,2,4,20
469,07/12/2019,3,3,50
470,04/12/2019,2,4,35
471,05/07/2019,3,3,55
472,02/26/2019,0,3,20
473,01/09/2019,0,2,10
474,07/28/2019,0,3,5
475,07/02/2019,1,3,10
476,03/22/2019,0,4,25
477,01/18/2019,2,4,5
478,05/11/2019,0,4,40
479,04/13/2019,0,2,60
480,03/12/2019,0,4,45
481,02/05/2019,1,2,120
482,04/23/2019,0,3,15
483,01/16/2019,0,2,60
484,07/06/2019,2,4,5
485,04/28/2019,1,4,40
486,05/26/2019,3,3,35
487,06/06/2019,3,2,20
488,05/17/2019,3,4,60
489,03/25/2019,3,4,90
490,01/13/2019,0,4,50
491,05/22/2019,3,2,60
492,05/25/2019,0,2,35
493,04/24/2019,0,4,120
494,01/17/2019,2,3,50
495,05/11/2019,0,3,60
496,01/15/2019,2,4,35
497,03/25/2019,2,2,10
498,04/18/2019,0,4,5
499,06/02/2019,3,2,45
500,03/20/2019,1,4,10
501,04/21/2019,2,3,40
502,03/18/2019,3,4,5
503,07/02/2019,0,2,55
504,03/28/2019,1,4,120
505,05/06/2019,0,2,50
506,01/07/2019,0,4,25
507,04/23/2019,1,4,120
508,07/10/2019,0,2,90
509,07/24/2019,3,4,35
510,01/22/2019,2,3,25
511,04/13/2019,2,2,55
512,04/29/2019,1,2,40
513,01/11/2019,0,3,25
514,02/28/2019,2,2,90
515,01/27/2019,0,2,45
516,04/12/2019,2,2,45
517,07/06/2019,2,2,20
518,05/31/2019,1,2,90
519,03/15/2019,3,4,5
520,04/10/2019,3,2,10
521,01/11/2019,3,3,120
522,06/11/2019,3,3,55
523,02/03/2019,1,2,35
524,04/29/2019,0,3,5
525,04/11/2019,3,2,120
526,02/25/2019,1,3,60
527,03/11/2019,2,4,10
528,04/23/2019,0,2,25
529,06/08/2019,0,2,20
530,01/21/2019,0,3,45
531,02/09/2019,2,2,25
532,01/20/2019,0,2,40
533,04/15/2019,2,4,55
534,07/15/2019,3,3,120
535,02/05/2019,0,4,50
536,02/08/2019,2,2,90
537,04/11/2019,0,4,30
538,05/09/2019,1,2,50
539,05/12/2019,2,3,45
540,04/25/2019,0,3,25
541,05/26/2019,2,4,50
542,05/29/2019,0,2,35
543,07/15/2019,2,2,55
544,06/14/2019,0,4,50
545,02/22/2019,2,3,60
546,07/11/2019,2,2,30
547,05/17/2019,1,4,15
548,05/16/2019,1,4,60
549,07/12/2019,1,2,50
550,01/20/2019,0,2,40
551,07/28/2019,2,2,60
552,04/10/2019,2,2,90
553,03/30/2019,0,4,40
554,03/06/2019,2,2,15
555,06/16/2019,2,4,20
556,07/28/2019,1,4,5
557,06/21/2019,3,2,35
558,05/08/2019,1,3,55
559,04/27/2019,1,3,35
560,02/11/2019,1,3,10
561,05/12/2019,3,3,25
562,04/21/2019,2,4,40
563,03/06/2019,3,4,55
564,01/18/2019,3,3,20
565,04/14/2019,0,3,5
566,03/10/2019,1,3,120
567,03/09/2019,3,4,40
568,05/23/2019,2,2,60
569,05/21/2019,1,4,35
570,07/30/2019,2,4,40
571,07/11/2019,1,4,50
572,05/06/2019,1,2,90
573,01/23/2019,3,4,10
574,03/11/2019,1,4,90
575,03/14/2019,1,2,25
576,01/24/2019,1,3,45
577,01/30/2019,1,4,120
578,07/23/2019,0,4,90
579,05/31/2019,1,4,120
580,02/28/2019,2,2,10
581,03/13/2019,3,3,40
582,01/27/2019,3,2,40
583,06/18/2019,1,4,45
584,02/14/2019,2,2,15
585,06/02/2019,0,3,120
586,03/02/2019,2,2,35
587,03/27/2019,3,4,120
588,01/17/2019,3,3,25
589,01/17/2019,1,3,25
590,03/24/2019,0,4,35
591,03/25/2019,2,2,40
592,02/04/2019,0,2,90
593,01/06/2019,0,4,35
594,03/19/2019,0,3,15
595,01/09/2019,1,2,20
596,07/22/2019,3,4,90
597,02/12/2019,0,2,5
598,02/27/2019,3,2,55
599,07/21/2019,2,3,25
600,04/05/2019,1,2,20
601,01/07/2019,3,3,40
602,04/03/2019,0,2,35
603,02/25/2019,0,3,20
604,01/22/2019,2,3,10
605,04/20/2019,1,4,30
606,01/24/2019,0,2,60
607,01/19/2019,2,3,120
608,06/30/2019,0,4,10
609,02/24/2019,0,4,20
610,03/24/2019,3,2,30
611,07/10/2019,1,4,30
612,07/19/2019,0,4,10
613,05/04/2019,3,4,55
614,03/05/2019,3,2,30
615,05/11/2019,2,3,15
616,02/16/2019,0,2,45
617,07/17/2019,2,3,55
618,04/28/2019,2,2,35
619,03/18/2019,0,3,35
620,04/19/2019,0,2,30
621,04/13/2019,3,4,45
622,06/19/2019,1,3,20
623,03/18/2019,1,2,5
624,06/18/2019,0,2,20
625,03/05/2019,1,2,35
626,07/15/2019,0,2,15
627,01/11/2019,1,4,35
628,02/09/2019,3,3,120
629,05/08/2019,3,4,50
630,07/28/2019,2,2,5
631,06/29/2019,0,2,5
632,04/22/2019,2,3,30
633,05/06/2019,0,4,5
634,03/21/2019,1,2,55
635,07/30/2019,2,2,60
636,07/07/2019,0,2,90
637,03/27/2019,0,2,120
638,07/28/2019,2,2,30
639,02/20/2019,3,4,50
640,02/14/2019,3,4,120
641,03/29/2019,2,3,40
642,01/17/2019,0,4,20
643,02/23/2019,1,3,35
644,04/24/2019,1,3,60
645,05/02/2019,2,2,20
646,02/04/2019,3,3,55
647,02/05/2019,2,4,55
648,05/15/2019,1,2,20
649,07/14/2019,1,4,55
650,03/02/2019,2,2,10
651,02/10/2019,1,2,40
652,02/16/2019,0,4,45
653,02/09/2019,3,3,40
654,02/24/2019,2,4,10
655,03/22/2019,1,4,25
656,01/20/2019,3,3,10
657,02/22/2019,0,2,55
658,04/06/2019,2,2,30
659,01/07/2019,2,2,45
660,07/27/2019,2,2,90
661,04/18/2019,2,4,40
662,03/04/2019,2,3,30
663,05/25/2019,2,4,15
664,01/29/2019,2,4,90
665,06/26/2019,1,4,10
666,05/14/2019,2,4,90
667,03/09/2019,2,4,5
668,06/30/2019,2,2,25
669,05/21/2019,3,3,45
670,04/11/2019,1,3,50
671,02/21/2019,3,4,90
672,06/07/2019,2,2,10
673,04/16/2019,2,3,30
674,01/14/2019,3,3,40
675,03/02/2019,3,2,55
676,07/12/2019,0,3,20
677,01/08/2019,2,2,25
678,07/21/2019,3,2,25
679,07/23/2019,2,2,90
680,06/09/2019,2,3,15
681,06/12/2019,3,3,35
682,02/14/2019,0,4,60
683,03/13/2019,1,3,90
684,02/04/2019,3,3,120
685,06/02/2019,1,2,40
686,02/18/2019,0,2,25
687,01/29/2019,1,4,55
688,03/18/2019,2,3,60
689,02/19/2019,0,2,25
690,07/04/2019,0,2,90
691,07/03/2019,2,4,25
692,06/04/2019,2,3,55
693,01/27/2019,1,2,35
694,01/01/2019,3,4,120
695,03/30/2019,0,3,30
696,06/08/2019,2,3,40
697,04/23/2019,1,3,25
698,03/16/2019,3,3,25
699,03/11/2019,0,4,120
700,01/04/2019,2,3,60
701,03/12/2019,1,4,35
702,04/18/2019,0,3,55
703,04/18/2019,0,2,5
704,02/16/2019,0,4,40
705,01/11/2019,2,4,25
706,02/02/2019,0,4,20
707,07/08/2019,1,4,50
708,03/22/2019,3,3,50
709,06/01/2019,2,4,15
710,07/26/2019,2,4,120
711,04/12/2019,1,3,45
712,07/04/2019,2,3,40
713,03/04/2019,3,3,35
714,06/06/2019,0,2,60
715,04/10/2019,0,2,15
716,01/24/2019,2,2,90
717,05/31/2019,2,4,35
718,07/24/2019,0,2,35
719,04/15/2019,1,3,40
720,02/22/2019,2,3,30
721,02/17/2019,0,3,25
722,06/09/2019,3,2,45
723,05/05/2019,0,3,90
724,05/31/2019,2,4,5
725,04/10/2019,2,2,55
726,03/18/2019,1,3,15
727,01/02/2019,3,2,40
728,01/01/2019,0,2,55
729,03/31/2019,2,3,45
730,03/14/2019,3,3,55
731,06/01/2019,2,4,50
732,03/29/2019,1,4,30
733,01/08/2019,1,3,25
734,05/06/2019,2,3,90
735,03/04/2019,2,4,90
736,02/28/2019,1,2,40
737,06/30/2019,3,4,5
738,06/08/2019,3,2,15
739,03/12/2019,0,4,90
740,02/26/2019,1,2,40
741,06/05/2019,2,3,30
742,07/16/2019,1,2,35
743,03/02/2019,3,4,40
744,04/21/2019,1,3,40
745,07/16/2019,2,4,15
746,02/15/2019,1,3,50
747,02/16/2019,2,3,60
748,02/23/2019,2,2,30
749,03/04/2019,0,2,55
750,07/11/2019,3,4,35
751,07/23/2019,2,3,55
752,01/08/2019,0,2,35
753,03/15/2019,1,4,5
754,06/10/2019,2,4,15
755,04/24/2019,0,4,120
756,03/13/2019,0,3,30
757,07/13/2019,0,3,15
758,05/20/2019,3,4,25
759,04/07/2019,2,2,25
760,04/25/2019,2,2,45
761,05/01/2019,0,3,120
762,03/28/2019,1,4,35
763,05/31/2019,0,3,30
764,05/25/2019,1,3,40
765,03/16/2019,2,3,15
766,07/27/2019,1,3,45
767,01/09/2019,3,4,10
768,02/07/2019,1,4,50
769,04/18/2019,0,2,90
770,05/08/2019,1,4,20
771,04/09/2019,1,4,20
772,02/22/2019,1,2,35
773,07/08/2019,3,3,30
774,03/03/2019,3,3,20
775,01/18/2019,3,2,20
776,05/02/2019,3,4,55
777,02/25/2019,1,2,50
778,06/23/2019,1,3,120
779,06/10/2019,3,3,5
780,03/08/2019,3,3,40
781,05/03/2019,2,3,20
782,04/30/2019,1,3,40
783,03/03/2019,0,4,35
784,05/05/2019,3,2,60
785,05/02/2019,2,2,50
786,04/23/2019,2,3,60
787,03/02/2019,3,2,45
788,05/28/2019,3,4,10
789,05/06/2019,2,3,15
790,06/10/2019,3,2,40
791,02/08/2019,0,4,55
792,04/01/2019,1,3,10
793,02/06/2019,1,4,120
794,06/30/2019,0,2,20
795,03/30/2019,1,2,50
796,02/23/2019,1,4,120
797,04/03/2019,2,3,35
798,02/05/2019,2,2,30
799,04/30/2019,0,2,5
800,03/30/2019,1,3,60
801,02/06/2019,0,2,5
802,06/21/2019,2,3,35
803,06/07/2019,2,2,120
804,07/25/2019,3,2,90
805,02/27/2019,0,4,25
806,01/15/2019,1,3,60
807,04/07/2019,2,2,45
808,07/10/2019,3,4,60
809,02/04/2019,1,3,5
810,06/04/2019,0,4,60
811,02/01/2019,1,3,10
812,01/15/2019,0,4,5
813,06/15/2019,0,2,30
814,05/29/2019,1,4,25
815,06/13/2019,1,4,5
816,02/13/2019,3,4,35
817,03/03/2019,1,4,120
818,03/08/2019,3,3,50
819,01/28/2019,3,2,45
820,02/02/2019,1,3,10
821,06/24/2019,1,3,25
822,04/26/2019,1,4,60
823,03/09/2019,3,3,90
824,03/16/2019,1,4,40
825,06/19/2019,3,2,120
826,02/18/2019,1,2,40
827,03/02/2019,2,4,25
828,07/11/2019,2,3,10
829,06/16/2019,2,3,5
830,03/13/2019,2,3,120
831,02/02/2019,1,3,35
832,02/13/2019,3,3,45
833,04/24/2019,3,4,40
834,01/18/2019,0,2,60
835,04/15/2019,2,3,120
836,03/17/2019,0,4,20
837,01/08/2019,2,4,15
838,05/09/2019,0,2,5
839,01/04/2019,3,3,20
840,05/27/2019,3,3,90
841,07/19/2019,2,3,40
842,04/12/2019,0,2,30
843,02/02/2019,0,4,20
844,05/13/2019,1,4,20
845,01/16/2019,2,4,90
846,06/28/2019,3,4,15
847,07/08/2019,2,4,50
848,02/09/2019,3,4,50
849,07/26/2019,1,4,45
850,02/25/2019,1,2,55
851,02/02/2019,0,4,90
852,05/15/2019,1,3,45
853,05/16/2019,1,4,40
854,04/30/2019,2,2,40
855,05/23/2019,0,2,120
856,04/21/2019,3,4,20
857,02/06/2019,3,2,40
858,03/09/2019,2,4,35
859,03/08/2019,1,4,35
860,01/15/2019,1,2,35
861,06/15/2019,3,3,35
862,02/06/2019,3,2,50
863,05/20/2019,3,2,35
864,05/18/2019,1,2,10
865,01/23/2019,3,2,60
866,04/06/2019,3,3,35
867,03/30/2019,0,2,30
868,04/01/2019,2,2,120
869,02/03/2019,2,4,5
870,04/21/2019,1,2,20
871,06/15/2019,0,3,20
872,05/13/2019,3,2,30
873,03/20/2019,1,3,15
874,01/11/2019,0,4,45
875,02/26/2019,2,4,20
876,05/28/2019,3,3,35
877,02/22/2019,0,4,15
878,03/28/2019,0,3,55
879,02/03/2019,2,2,35
880,04/26/2019,1,3,45
881,06/03/2019,3,2,5
882,07/14/2019,3,2,15
883,07/13/2019,1,2,50
884,01/06/2019,1,4,45
885,06/07/2019,3,4,55
886,05/07/2019,2,2,90
887,03/30/2019,1,3,120
888,02/25/2019,2,4,5
889,04/14/2019,3,4,35
890,05/16/2019,1,3,10
891,04/10/2019,2,4,35
892,05/08/2019,3,3,30
893,06/17/2019,3,3,20
894,05/17/2019,2,2,55
895,01/07/2019,0,2,5
896,07/20/2019,0,4,15
897,04/18/2019,1,4,5
898,06/22/2019,0,4,40
899,04/04/2019,3,2,25
900,01/25/2019,1,4,10
901,03/31/2019,1,3,10
902,02/07/2019,0,4,120
903,04/03/2019,3,2,45
904,03/28/2019,3,3,55
905,05/14/2019,2,2,60
906,03/07/2019,0,4,120
907,02/24/2019,2,2,60
908,01/04/2019,0,2,10
909,07/20/2019,3,4,90
910,03/20/2019,1,3,10
911,01/10/2019,3,3,15
912,05/09/2019,1,2,50
913,01/08/2019,2,2,30
914,04/21/2019,3,2,35
915,01/26/2019,3,3,120
916,07/22/2019,3,3,35
917,02/14/2019,3,2,40
918,03/30/2019,1,3,10
919,02/06/2019,3,3,45
920,02/05/2019,0,3,5
921,03/07/2019,2,3,120
922,07/23/2019,1,4,15
923,03/17/2019,3,2,20
924,04/14/2019,3,4,40
925,02/25/2019,1,3,120
926,02/21/2019,2,2,120
927,02/05/2019,1,2,45
928,07/10/2019,1,2,35
929,05/31/2019,0,3,20
930,07/23/2019,2,4,20
931,03/14/2019,0,3,30
932,01/29/2019,1,2,20
933,06/26/2019,3,3,25
934,03/26/2019,3,2,60
935,02/11/2019,2,3,120
936,03/11/2019,0,4,30
937,07/14/2019,3,3,120
938,05/03/2019,0,4,50
939,02/27/2019,3,3,55
940,06/06/2019,3,2,120
941,01/27/2019,0,4,60
942,07/02/2019,0,2,5
943,02/09/2019,3,3,10
944,05/22/2019,1,4,15
945,04/08/2019,0,2,90
946,07/07/2019,3,4,40
947,07/24/2019,1,2,35
948,02/09/2019,0,2,15
949,01/22/2019,1,3,30
950,02/23/2019,3,4,35
951,04/09/2019,0,4,40
952,07/29/2019,1,2,30
953,05/14/2019,0,3,45
954,07/14/2019,2,4,45
955,01/24/2019,0,3,15
956,02/15/2019,2,3,10
957,01/05/2019,2,4,120
958,05/29/2019,3,3,40
959,07/21/2019,0,3,10
960,06/14/2019,1,3,120
961,03/25/2019,0,4,30
962,04/14/2019,2,2,40
963,01/23/2019,0,3,45
964,01/14/2019,3,4,30
965,07/16/2019,1,3,55
966,06/23/2019,1,4,30
967,03/08/2019,2,2,5
968,06/24/2019,1,4,25
969,06/26/2019,1,3,60
970,03/27/2019,3,4,90
971,05/22/2019,1,2,5
972,03/04/2019,0,4,45
973,07/30/2019,0,4,60
974,04/24/2019,3,3,5
975,07/01/2019,1,2,5
976,04/10/2019,2,2,60
977,01/06/2019,1,4,55
978,01/20/2019,3,4,15
979,01/08/2019,2,4,90
980,02/24/2019,0,4,25
981,01/25/2019,3,4,55
982,02/14/2019,3,4,45
983,06/22/2019,2,3,20
984,04/18/2019,1,3,60
985,06/25/2019,2,2,5
986,04/06/2019,0,4,15
987,02/19/2019,3,2,90
988,06/18/2019,1,4,20
989,01/12/2019,3,4,30
990,06/27/2019,1,3,45
991,06/27/2019,1,4,45
992,06/13/2019,1,2,45
993,05/18/2019,1,3,90
994,07/03/2019,1,3,45
995,01/13/2019,1,3,45
996,07/03/2019,0,4,5
997,07/09/2019,2,4,10
998,02/22/2019,0,2,45
999,03/19/2019,1,3,20
1000,07/24/2019,2,2,20
